sentence,true_sentiment,predicted_sentiment,confidence,rationale,path_scores,full_response
"According to Gran , the company has no plans to move all production to Russia , although that is where the company is growing .",neutral,positive,0.6,"The company's growth in Russia, despite not planning to move all production there, suggests an expansion strategy that could lead to increased revenue and market presence, which is typically viewed positively by investors.","{'positive': 0.6, 'negative': 0.3, 'neutral': 0.4}","To analyze the given financial statement using a tree-of-thought approach, let's break down the sentiment into three possible classifications: positive, negative, and neutral.

### PATH 1: Hypothesis = POSITIVE
- **Evidence Supporting:** The statement mentions that the company is growing in Russia. This growth could imply an expansion of market share, increased revenue, or improved brand presence, all of which are typically positive indicators for investors.
- **Evidence Contradicting:** The statement also clarifies that the company has no plans to move all production to Russia. This might suggest that the company's growth in Russia is not at the expense of other markets or production facili"
"For the last quarter of 2010 , Componenta 's net sales doubled to EUR131m from EUR76m for the same period a year earlier , while it moved to a zero pre-tax profit from a pre-tax loss of EUR7m .",positive,positive,0.8,"The substantial increase in net sales and the improvement from a pre-tax loss to breaking even are strong indicators of a positive performance, outweighing the minimal profit margin as a concern.","{'positive': 0.8, 'negative': 0.2, 'neutral': 0.2}","To analyze the given financial statement using a tree-of-thought approach, let's break down the information and evaluate the sentiment based on the three possible classifications: positive, negative, and neutral.

### PATH 1: Hypothesis = POSITIVE
- **Evidence Supporting:** The statement mentions that Componenta's net sales doubled to EUR131m from EUR76m for the same period a year earlier. This significant increase in sales is a strong indicator of positive performance. Additionally, the company moved to a zero pre-tax profit from a pre-tax loss of EUR7m, which indicates an improvement in profitability.
- **Evidence Contradicting:** There is no direct evidence in the statement that contradic"
"In the third quarter of 2010 , net sales increased by 5.2 % to EUR 205.5 mn , and operating profit by 34.9 % to EUR 23.5 mn .",positive,positive,0.9,"The significant increase in operating profit by 34.9% and the increase in net sales by 5.2% are strong indicators of positive financial performance, supporting a positive sentiment classification.","{'positive': 0.9, 'negative': 0.0, 'neutral': 0.1}","To analyze the given financial statement using a tree-of-thought approach, let's break down the information and evaluate the sentiment based on the three possible classifications: positive, negative, and neutral.

### PATH 1: Hypothesis = POSITIVE
- **Evidence Supporting:** The statement mentions an increase in net sales by 5.2% and a significant increase in operating profit by 34.9%. These are key indicators of a company's financial health and performance. Increases in both sales and operating profit typically signal a positive trend for investors.
- **Evidence Contradicting:** There is no direct evidence in the statement that contradicts a positive interpretation. The absence of any mentio"
Operating profit rose to EUR 13.1 mn from EUR 8.7 mn in the corresponding period in 2007 representing 7.7 % of net sales .,positive,positive,0.8,"The significant increase in operating profit from EUR 8.7 mn to EUR 13.1 mn, representing 7.7% of net sales, is a strong indicator of improved financial performance, which is typically viewed positively by investors.","{'positive': 0.8, 'negative': 0.1, 'neutral': 0.2}","To analyze the given financial statement using a tree-of-thought approach, let's break down the process into the three hypothesized paths: POSITIVE, NEGATIVE, and NEUTRAL.

### PATH 1: Hypothesis = POSITIVE
- **Evidence Supporting:** The statement mentions that ""Operating profit rose to EUR 13.1 mn from EUR 8.7 mn,"" which indicates an increase in operating profit. This increase is a positive sign for investors as it suggests the company is performing better financially.
- **Evidence Contradicting:** There is no direct evidence in the statement that contradicts this being positive. However, the context of the increase (e.g., whether it's due to one-time events or sustainable growth) is not pr"
"Operating profit totalled EUR 21.1 mn , up from EUR 18.6 mn in 2007 , representing 9.7 % of net sales .",positive,positive,0.8,"The increase in operating profit from the previous year indicates an improvement in the company's financial health, which is generally viewed as positive news for investors.","{'positive': 0.8, 'negative': 0.1, 'neutral': 0.3}","To analyze the given financial statement using a tree-of-thought approach, let's break down the process into the three hypothesized paths: POSITIVE, NEGATIVE, and NEUTRAL.

### PATH 1: Hypothesis = POSITIVE
- **Evidence Supporting:** The statement mentions that the operating profit has increased from EUR 18.6 mn in 2007 to EUR 21.1 mn, which represents a growth. This increase in operating profit is a positive indicator for investors as it suggests the company's financial health is improving.
- **Evidence Contradicting:** There is no direct evidence in the statement that contradicts this being positive. However, the context of the increase (e.g., whether it's due to one-time events or sustain"
"Finnish Talentum reports its operating profit increased to EUR 20.5 mn in 2005 from EUR 9.3 mn in 2004 , and net sales totaled EUR 103.3 mn , up from EUR 96.4 mn .",positive,positive,0.9,"The significant increase in operating profit and the growth in net sales are key indicators of the company's positive financial performance, outweighing any potential neutral or negative interpretations.","{'positive': 0.9, 'negative': 0.0, 'neutral': 0.1}","To analyze the given financial statement using a tree-of-thought approach, let's break down the information and evaluate the sentiment based on the provided paths.

### PATH 1: Hypothesis = POSITIVE
- **Evidence Supporting:** The statement mentions that Finnish Talentum's operating profit increased to EUR 20.5 mn in 2005 from EUR 9.3 mn in 2004. This represents a significant increase of over 120% in operating profit. Additionally, net sales totaled EUR 103.3 mn, up from EUR 96.4 mn, indicating a growth in sales. Both of these indicators are typically seen as positive signs for a company's financial health and performance.
- **Evidence Contradicting:** There is no direct evidence in the state"
"Clothing retail chain Sepp+l+ 's sales increased by 8 % to EUR 155.2 mn , and operating profit rose to EUR 31.1 mn from EUR 17.1 mn in 2004 .",positive,positive,0.9,"The statement reports an 8% increase in sales and a significant rise in operating profit, which are strong indicators of positive financial performance and would likely be viewed favorably by investors.","{'positive': 0.9, 'negative': 0.0, 'neutral': 0.1}","To analyze the given financial statement using a tree-of-thought approach, let's break down the information and evaluate the sentiment based on the three possible classifications: positive, negative, and neutral.

### PATH 1: Hypothesis = POSITIVE
- **Evidence Supporting:** The statement mentions an increase in sales by 8% to EUR 155.2 million and a rise in operating profit to EUR 31.1 million from EUR 17.1 million in 2004. These are clear indicators of growth and improvement in the company's financial performance.
- **Evidence Contradicting:** There is no direct evidence in the statement that contradicts a positive interpretation. The information provided is straightforward and indicates an"
"Consolidated net sales increased 16 % to reach EUR74 .8 m , while operating profit amounted to EUR0 .9 m compared to a loss of EUR0 .7 m in the prior year period .",positive,positive,0.8,"The significant increase in consolidated net sales and the shift from a loss to a profit are strong indicators of a positive financial performance, despite the low operating profit margin.","{'positive': 0.8, 'negative': 0.2, 'neutral': 0.3}","To analyze the given financial statement using a tree-of-thought approach, let's break down each path:

### PATH 1: Hypothesis = POSITIVE
- **Evidence Supporting:** The statement mentions a 16% increase in consolidated net sales, reaching EUR74.8m, and a shift from a loss of EUR0.7m to a profit of EUR0.9m in operating profit. These are clear indicators of improvement in financial performance.
- **Evidence Contradicting:** The operating profit, although positive, is relatively low (EUR0.9m) compared to the net sales (EUR74.8m), which might indicate low profit margins or high operational costs. However, this does not necessarily contradict the overall positive trend.
- **Confidence Score:** 0."
"Foundries division reports its sales increased by 9.7 % to EUR 63.1 mn from EUR 57.5 mn in the corresponding period in 2006 , and sales of the Machine Shop division increased by 16.4 % to EUR 41.2 mn from EUR 35.4 mn in the corresponding period in 2006 .",positive,positive,0.9,"The statement reports significant increases in sales for both the Foundries and Machine Shop divisions, which is generally considered favorable news for investors. The lack of any negative or mitigating information further supports this positive interpretation.","{'positive': 0.9, 'negative': 0.0, 'neutral': 0.1}","To analyze the given financial statement, let's break down the information and evaluate each hypothesis.

### PATH 1: Hypothesis = POSITIVE
- **Evidence Supporting:** The statement reports an increase in sales for both the Foundries division (9.7% increase) and the Machine Shop division (16.4% increase) compared to the corresponding period in 2006. This growth in sales typically indicates a positive performance and can be seen as favorable news for investors.
- **Evidence Contradicting:** There is no direct evidence in the statement that contradicts this positive interpretation. However, the absence of information about profit margins, costs, or market share could potentially temper the posi"
"HELSINKI ( AFX ) - Shares closed higher , led by Nokia after it announced plans to team up with Sanyo to manufacture 3G handsets , and by Nokian Tyres after its fourth-quarter earnings report beat analysts ' expectations , dealers said .",positive,positive,0.9,"The statement reports shares closing higher due to positive announcements from Nokia and Nokian Tyres, indicating a favorable market reaction and supporting a positive sentiment classification.","{'positive': 0.9, 'negative': 0.0, 'neutral': 0.1}","To analyze the given financial statement using a tree-of-thought approach, let's break down the information and evaluate the sentiment based on the evidence provided.

### PATH 1: Hypothesis = POSITIVE
- **Evidence Supporting:** The statement mentions that shares closed higher, which is a direct indicator of a positive market reaction. Additionally, Nokia's announcement to team up with Sanyo for manufacturing 3G handsets and Nokian Tyres' fourth-quarter earnings beating analysts' expectations are both positive news items that would likely increase investor confidence and lead to higher share prices.
- **Evidence Contradicting:** There is no mention of any negative news or factors that could "
"Its board of directors will propose a dividend of EUR0 .12 per share for 2010 , up from the EUR0 .08 per share paid in 2009 .",positive,positive,0.9,"The increase in dividend payout from EUR0.08 to EUR0.12 per share indicates improved financial health and a positive outlook for the company, benefiting its shareholders.","{'positive': 0.9, 'negative': 0.1, 'neutral': 0.2}","To analyze the given financial statement using a tree-of-thought approach, let's break down the sentiment into three possible classifications: positive, negative, and neutral.

### PATH 1: Hypothesis = POSITIVE
- **Evidence Supporting:** The statement mentions an increase in the dividend per share from EUR0.08 in 2009 to EUR0.12 in 2010. This increase suggests that the company is performing well financially and is able to distribute more profits to its shareholders, which is typically viewed as positive news.
- **Evidence Contradicting:** There is no direct evidence in the statement that contradicts this being positive. The increase in dividend is a clear indicator of improved financial heal"
"MegaFon 's subscriber base increased 16.1 % in 2009 to 50.5 million users as of December 31 , while its market share by the number of customers amounted to 24 % as of late 2009 , up from 23 % as of late 2008 , according to TeliaSonera estimates .",positive,positive,0.9,"The significant increase in MegaFon's subscriber base and the growth in market share are clear indicators of positive performance, which outweighs any potential argument for a neutral or negative sentiment.","{'positive': 0.9, 'negative': 0.0, 'neutral': 0.1}","To analyze the given financial statement using a tree-of-thought approach, let's break down the information and evaluate the sentiment based on the three possible classifications: positive, negative, and neutral.

### PATH 1: Hypothesis = POSITIVE
- **Evidence Supporting:** The statement mentions a significant increase in MegaFon's subscriber base by 16.1% in 2009, reaching 50.5 million users. Additionally, there's an increase in market share from 23% to 24% over the same period. These are clear indicators of growth and expansion, which are typically viewed positively by investors.
- **Evidence Contradicting:** There is no direct evidence in the statement that contradicts this positive outlo"
"Net income from life insurance doubled to EUR 6.8 mn from EUR 3.2 mn , and net income from non-life insurance rose to EUR 5.2 mn from EUR 1.5 mn in the corresponding period in 2009 .",positive,positive,0.9,"The statement reports significant increases in net income from both life and non-life insurance, which are clear indicators of positive financial performance and would typically be viewed favorably by investors.","{'positive': 0.9, 'negative': 0.0, 'neutral': 0.1}","To analyze the given financial statement using a tree-of-thought approach, let's break down the sentiment analysis into the three possible classifications: positive, negative, and neutral.

### PATH 1: Hypothesis = POSITIVE
- **Evidence Supporting:** The statement mentions that net income from life insurance doubled and net income from non-life insurance more than tripled. This significant increase in net income from both sectors suggests a strong financial performance, which is typically viewed as positive news for investors.
- **Evidence Contradicting:** There is no direct evidence in the statement that contradicts this positive interpretation. The increases in net income are unequivocally"
Net sales increased to EUR193 .3 m from EUR179 .9 m and pretax profit rose by 34.2 % to EUR43 .1 m. ( EUR1 = USD1 .4 ),positive,positive,0.9,"The statement reports an increase in net sales and a significant rise in pretax profit, which are key indicators of a company's positive financial performance and growth.","{'positive': 0.9, 'negative': 0.0, 'neutral': 0.1}","To analyze the given financial statement using a tree-of-thought approach, let's break down the information and evaluate the sentiment based on the three possible classifications: positive, negative, and neutral.

### PATH 1: Hypothesis = POSITIVE
- **Evidence Supporting:** The statement mentions that ""Net sales increased"" and ""pretax profit rose by 34.2%"". Both of these are indicators of positive financial performance, suggesting that the company is experiencing growth in sales and profitability.
- **Evidence Contradicting:** There is no direct evidence in the statement that contradicts a positive interpretation. The exchange rate provided (EUR1 = USD1.4) is informational and does not inher"
"Net sales surged by 18.5 % to EUR167 .8 m. Teleste said that EUR20 .4 m , or 12.2 % , of the sales came from the acquisitions made in 2009 .",positive,positive,0.8,"The statement highlights a significant surge in net sales and a positive contribution from acquisitions, indicating strong financial performance and successful strategic decisions.","{'positive': 0.8, 'negative': 0.0, 'neutral': 0.2}","To analyze the given financial statement using a tree-of-thought approach, let's break down the information and evaluate the sentiment based on the three possible classifications: positive, negative, and neutral.

### PATH 1: Hypothesis = POSITIVE
- **Evidence Supporting:** The statement mentions that ""Net sales surged by 18.5% to EUR167.8m,"" which indicates a significant increase in sales revenue. This surge in sales is typically viewed as a positive indicator of a company's financial health and performance. Additionally, the fact that a portion of these sales (EUR20.4m or 12.2%) came from acquisitions made in 2009 suggests that these investments are yielding returns, which can be seen as a"
Nordea Group 's operating profit increased in 2010 by 18 percent year-on-year to 3.64 billion euros and total revenue by 3 percent to 9.33 billion euros .,positive,positive,0.9,"The statement reports an 18 percent increase in operating profit and a 3 percent increase in total revenue, both of which are indicators of positive financial performance. The evidence overwhelmingly supports a positive interpretation, with no significant evidence to support negative or neutral classifications.","{'positive': 0.9, 'negative': 0.0, 'neutral': 0.1}","To analyze the given financial statement using a tree-of-thought approach, let's break down the process into the specified paths and evaluate the evidence for each sentiment classification.

### PATH 1: Hypothesis = POSITIVE
- **Evidence Supporting:** The statement mentions that Nordea Group's operating profit increased by 18 percent year-on-year to 3.64 billion euros. This significant increase in operating profit is a strong indicator of positive financial performance. Additionally, the total revenue increased by 3 percent to 9.33 billion euros, further supporting the positive outlook.
- **Evidence Contradicting:** There is no direct evidence in the statement that contradicts a positive int"
"Operating profit for the nine-month period increased from EUR13 .6 m , while net sales increased from EUR394 .7 m , as compared to the corresponding period in 2005 .",positive,positive,0.8,"The statement reports increases in operating profit and net sales, which are typically seen as favorable indicators of a company's financial performance and health.","{'positive': 0.8, 'negative': 0.0, 'neutral': 0.2}","To analyze the given financial statement using a tree-of-thought approach, let's break down the process into the three hypothesized paths: POSITIVE, NEGATIVE, and NEUTRAL.

### PATH 1: Hypothesis = POSITIVE
- **Evidence Supporting:** The statement mentions an increase in operating profit and net sales compared to the corresponding period in 2005. This increase typically signifies a positive performance and can be seen as favorable news for investors.
- **Evidence Contradicting:** There is no direct evidence in the statement that contradicts this positive interpretation. However, the absence of specific percentages or comparative metrics to gauge the magnitude of the increase might slightly t"
"Operating profit for the three-month period increased from EUR1 .2 m , while revenue increased from EUR20 .2 m , as compared to the corresponding period in 2005 .",positive,positive,0.8,"The statement reports increases in operating profit and revenue, which are key positive indicators of a company's financial health and performance.","{'positive': 0.8, 'negative': 0.0, 'neutral': 0.2}","To analyze the given financial statement using a tree-of-thought approach, let's break down the process into the three paths as instructed.

### PATH 1: Hypothesis = POSITIVE
- **Evidence Supporting:** The statement mentions that ""Operating profit for the three-month period increased"" and ""revenue increased"" compared to the corresponding period in 2005. This increase in both operating profit and revenue is typically seen as a positive indicator for a company's financial health and performance.
- **Evidence Contradicting:** There is no direct evidence in the statement that contradicts this positive interpretation. However, the absence of specific figures for the increase (only the base figure"
"The company 's net profit rose 11.4 % on the year to 82.2 million euros in 2005 on sales of 686.5 million euros , 13.8 % up on the year , the company said earlier .",positive,positive,0.9,"The statement reports significant increases in the company's net profit and sales, which are universally seen as positive indicators of a company's financial health and growth, thus supporting a positive sentiment classification.","{'positive': 0.9, 'negative': 0.0, 'neutral': 0.1}","To analyze the given financial statement, let's break down the information and evaluate it through the tree-of-thought approach, considering three possible sentiment classifications: positive, negative, and neutral.

### PATH 1: Hypothesis = POSITIVE
- **Evidence Supporting:** The statement mentions that the company's net profit rose by 11.4% and sales increased by 13.8% compared to the previous year. These are clear indicators of growth and improvement in the company's financial performance.
- **Evidence Contradicting:** There is no direct evidence in the statement that contradicts a positive interpretation. The increases in net profit and sales are universally seen as positive indicators f"
"The Lithuanian beer market made up 14.41 million liters in January , a rise of 0.8 percent from the year-earlier figure , the Lithuanian Brewers ' Association reporting citing the results from its members .",positive,positive,0.7,"The statement indicates a rise in the Lithuanian beer market, which is a favorable sign for investors, despite the modest percentage increase.","{'positive': 0.7, 'negative': 0.1, 'neutral': 0.2}","To analyze the given financial statement using a tree-of-thought approach, let's break down the sentiment into three possible classifications: positive, negative, and neutral.

### PATH 1: Hypothesis = POSITIVE
- **Evidence Supporting:** The statement mentions a ""rise of 0.8 percent"" in the Lithuanian beer market from the year-earlier figure. This increase indicates growth, which is typically viewed as positive news for investors, suggesting that the market is expanding.
- **Evidence Contradicting:** The percentage rise is relatively small (0.8 percent), which might not be considered significant growth by some investors. However, any positive growth is generally seen as a favorable sign.
- *"
"Viking Line 's cargo revenue increased by 5.4 % to EUR 21.46 mn , and cargo volume increased by 2.4 % to 70,116 cargo units .",positive,positive,0.8,"The statement clearly indicates growth in both cargo revenue and volume, which is typically viewed as positive for investor confidence and the company's financial health.","{'positive': 0.8, 'negative': 0.1, 'neutral': 0.1}","To analyze the given financial statement using a tree-of-thought approach, let's break down the sentiment analysis into three possible classifications: positive, negative, and neutral.

### PATH 1: Hypothesis = POSITIVE
- **Evidence Supporting:** The statement mentions that Viking Line's cargo revenue increased by 5.4% to EUR 21.46 million, and cargo volume increased by 2.4% to 70,116 cargo units. These increases indicate growth in both revenue and volume, which is typically seen as positive for a company's financial health and investor confidence.
- **Evidence Contradicting:** There is no direct evidence in the statement that contradicts this positive interpretation. However, one might argu"
"The fair value of the property portfolio doubled as a result of the Kapiteeli acquisition and totalled EUR 2,686.2 1,259.7 million .",positive,positive,0.8,"The significant increase in the portfolio's value due to the Kapiteeli acquisition suggests growth and potential for higher returns, which is likely to be viewed positively by investors.","{'positive': 0.8, 'negative': 0.1, 'neutral': 0.2}","To analyze the given financial statement using a tree-of-thought approach, let's break down the sentiment analysis into the three possible classifications: positive, negative, and neutral.

### PATH 1: Hypothesis = POSITIVE
- **Evidence Supporting:** The statement mentions that the fair value of the property portfolio ""doubled"" as a result of the Kapiteeli acquisition. This significant increase in value can be seen as a positive indicator for investors, suggesting growth and potential for higher returns.
- **Evidence Contradicting:** There is no direct evidence in the statement that contradicts this being positive. However, one might argue that the doubling of the portfolio's value could als"
10 February 2011 - Finnish media company Sanoma Oyj HEL : SAA1V said yesterday its 2010 net profit almost tripled to EUR297 .3 m from EUR107 .1 m for 2009 and announced a proposal for a raised payout .,positive,positive,0.9,"The significant increase in net profit and the proposal for a raised payout are strong indicators of the company's positive financial performance and its decision to reward shareholders, which directly benefits investors.","{'positive': 0.9, 'negative': 0.0, 'neutral': 0.1}","To analyze the given financial statement using a tree-of-thought approach, let's break down the sentiment into three possible classifications: positive, negative, and neutral.

### PATH 1: Hypothesis = POSITIVE
- **Evidence Supporting:** The statement mentions that Sanoma Oyj's 2010 net profit ""almost tripled"" to EUR297.3 million from EUR107.1 million for 2009. This significant increase in net profit is a strong indicator of positive financial performance. Additionally, the announcement of a proposal for a raised payout suggests that the company is in a healthy financial position and is looking to reward its shareholders, which is typically viewed as positive news.
- **Evidence Contradicting"
"A Helsinki : ELIiV today reported EPS of EUR1 .13 for 2009 , an increase over EPS of EUR1 .12 in 2008 .",positive,positive,0.8,"The statement reports an increase in EPS from 2008 to 2009, which is generally viewed as a positive indicator of a company's financial performance. Although the increase is marginal, it supports a positive sentiment over negative or neutral.","{'positive': 0.8, 'negative': 0.2, 'neutral': 0.4}","To analyze the given financial statement using a tree-of-thought approach, let's break down the sentiment analysis into the three possible classifications: positive, negative, and neutral.

### PATH 1: Hypothesis = POSITIVE
- **Evidence Supporting:** The statement mentions an ""increase"" in EPS (Earnings Per Share) from EUR1.12 in 2008 to EUR1.13 in 2009. This increase indicates a positive performance of the company, as higher EPS typically suggests higher profitability and better financial health.
- **Evidence Contradicting:** There is no direct evidence in the statement that contradicts this being positive. However, the increase is very marginal (from EUR1.12 to EUR1.13), which might sugges"
"Commission income increased by 22 % to EUR 4.4 mn , and lending volume rose by 13.5 % .",positive,positive,0.9,"The statement reports significant increases in commission income and lending volume, which are indicators of business growth and expansion, typically viewed as positive by investors.","{'positive': 0.9, 'negative': 0.1, 'neutral': 0.2}","To analyze the given financial statement using a tree-of-thought approach, let's break down the process into the three hypothesized paths: POSITIVE, NEGATIVE, and NEUTRAL.

### PATH 1: Hypothesis = POSITIVE
- **Evidence Supporting:** The statement mentions a 22% increase in commission income and a 13.5% rise in lending volume. These are clear indicators of growth and expansion, which are typically viewed as positive signs by investors.
- **Evidence Contradicting:** There is no direct evidence in the statement that contradicts a positive interpretation. However, the absence of information about profit margins, operational costs, or the overall market context could potentially temper enthusias"
"In January , traffic , measured in revenue passenger kilometres RPK , went up by 3.2 % and capacity , measured in available seat kilometres ASK , rose by 12.2 % .",positive,positive,0.6,"The growth in RPK suggests an increase in revenue, which is positive for investors. Although the larger increase in ASK could lead to inefficiencies, the direct indicator of revenue growth tips the sentiment towards positive.","{'positive': 0.6, 'negative': 0.4, 'neutral': 0.5}","To analyze the given financial statement using a tree-of-thought approach, let's break down each possible sentiment classification:

### PATH 1: Hypothesis = POSITIVE
- **Evidence Supporting:** The statement mentions that traffic, measured in revenue passenger kilometers (RPK), increased by 3.2%. This growth in RPK indicates an increase in the number of passengers, which typically translates to higher revenue for the airline. This is positive news for investors as it suggests the airline is experiencing demand growth.
- **Evidence Contradicting:** The capacity, measured in available seat kilometers (ASK), rose by 12.2%, which is significantly higher than the increase in RPK. This discrepancy"
"In January-September 2010 , Fiskars ' net profit went up by 14 % year-on-year to EUR 65.4 million and net sales to EUR 525.3 million from EUR 487.7 million .",positive,positive,0.9,"The statement reports a 14% increase in net profit and a rise in net sales, which are key indicators of a company's financial success and typically viewed as positive news for investors.","{'positive': 0.9, 'negative': 0.0, 'neutral': 0.1}","To analyze the given financial statement using a tree-of-thought approach, let's break down the information and evaluate the sentiment based on the three possible classifications: positive, negative, and neutral.

### PATH 1: Hypothesis = POSITIVE
- **Evidence Supporting:** The statement mentions that Fiskars' net profit increased by 14% year-on-year to EUR 65.4 million, and net sales also rose from EUR 487.7 million to EUR 525.3 million. This increase in both net profit and sales typically indicates a positive performance and can be seen as favorable news for investors.
- **Evidence Contradicting:** There is no direct evidence in the statement that contradicts this positive outlook. The inc"
"Net income from life insurance rose to EUR 16.5 mn from EUR 14.0 mn , and net income from non-life insurance to EUR 22.6 mn from EUR 15.2 mn in 2009 .",positive,positive,0.9,"The statement reports significant increases in net income from both life and non-life insurance, which are clear indicators of positive financial performance. The absence of any negative or neutral indicators within the statement supports the selection of the positive hypothesis.","{'positive': 0.9, 'negative': 0.0, 'neutral': 0.1}","To analyze the given financial statement using a tree-of-thought approach, let's break down the sentiment analysis into the three possible classifications: positive, negative, and neutral.

### PATH 1: Hypothesis = POSITIVE
- **Evidence Supporting:** The statement indicates an increase in net income from both life and non-life insurance sectors. Specifically, net income from life insurance rose from EUR 14.0 mn to EUR 16.5 mn, and net income from non-life insurance increased from EUR 15.2 mn to EUR 22.6 mn. This growth in income suggests a positive performance.
- **Evidence Contradicting:** There is no direct evidence in the statement that contradicts this positive interpretation. The increa"
Sales have risen in other export markets .,positive,positive,0.8,"The statement directly indicates an increase in sales, which is typically beneficial for a company's financial health and investor confidence, with no provided evidence to strongly contradict this positive interpretation.","{'positive': 0.8, 'negative': 0.1, 'neutral': 0.1}","To analyze the given financial statement, ""Sales have risen in other export markets,"" let's break down the sentiment analysis into the three hypothesized paths: POSITIVE, NEGATIVE, and NEUTRAL.

### PATH 1: Hypothesis = POSITIVE
- **Evidence Supporting:** The statement directly mentions an increase in sales, which typically indicates revenue growth and is beneficial for a company's financial health and investor confidence.
- **Evidence Contradicting:** There's no direct information provided that contradicts the positive interpretation, such as reasons for the increase being temporary or unsustainable.
- **Confidence Score:** 0.8

### PATH 2: Hypothesis = NEGATIVE
- **Evidence Supporting:** N"
Sales increased due to growing market rates and increased operations .,positive,positive,0.9,"The statement directly reports an increase in sales due to growing market rates and increased operations, indicating a strong financial performance and effective operational strategies without any mentioned drawbacks.","{'positive': 0.9, 'negative': 0.0, 'neutral': 0.1}","To analyze the given financial statement using a tree-of-thought approach, let's break down each possible sentiment classification.

### PATH 1: Hypothesis = POSITIVE
- **Evidence Supporting:** The statement mentions that ""Sales increased,"" which directly implies a positive financial performance. Additionally, it attributes this increase to ""growing market rates and increased operations,"" suggesting a strong market position and effective operational strategies.
- **Evidence Contradicting:** There is no direct evidence in the statement that contradicts a positive interpretation. The absence of any negative factors (such as increased costs, decreased demand, or operational issues) further supp"
The agreement strengthens our long-term partnership with Nokia Siemens Networks .,positive,positive,0.8,"The statement's emphasis on strengthening a long-term partnership implies mutual benefits and future growth opportunities, which are typically viewed favorably by investors.","{'positive': 0.8, 'negative': 0.1, 'neutral': 0.1}","To analyze the given financial statement using a tree-of-thought approach, let's break down the process into the three hypothesized paths: POSITIVE, NEGATIVE, and NEUTRAL.

### PATH 1: Hypothesis = POSITIVE
- **Evidence Supporting:** The statement mentions that the agreement ""strengthens our long-term partnership with Nokia Siemens Networks."" This implies a deepening of relations, which could lead to more stable and potentially lucrative collaborations in the future. Such partnerships often result in mutual benefits, such as shared technology, reduced costs, and increased market presence.
- **Evidence Contradicting:** There's no direct information provided in the statement that would contrad"
"The company 's order book stood at 1.5 bln euro $ 2.2 bln on September 30 , 2007 , up by 24.2 pct on the year , with international orders amounting to 365 mln euro $ 534.3 mln .",positive,positive,0.9,"The significant increase in the company's order book by 24.2% and the substantial international orders indicate a strong demand and potential for future revenue, making this news positive for investors.","{'positive': 0.9, 'negative': 0.0, 'neutral': 0.1}","To analyze the given financial statement using a tree-of-thought approach, let's break down the information and evaluate the sentiment based on the three possible classifications: positive, negative, and neutral.

### PATH 1: Hypothesis = POSITIVE
- **Evidence Supporting:** The statement mentions that the company's order book stood at 1.5 billion euros ($2.2 billion) on September 30, 2007, which is up by 24.2% on the year. This significant increase in orders, especially with international orders amounting to 365 million euros ($534.3 million), indicates a strong demand for the company's products or services. This growth can be seen as a positive indicator of the company's performance and pot"
"The company said that paper demand increased in all of its main markets , including of publication papers , and that it increased average paper prices by 4 percent compared with last year .",positive,positive,0.8,"The statement indicates increased demand and higher prices, which are favorable indicators for the company's financial health and investor sentiment.","{'positive': 0.8, 'negative': 0.1, 'neutral': 0.1}","To analyze the given financial statement using a tree-of-thought approach, let's break down the information and evaluate the sentiment based on the three possible classifications: positive, negative, and neutral.

### PATH 1: Hypothesis = POSITIVE
- **Evidence Supporting:** The statement mentions that paper demand increased in all of the company's main markets, including publication papers. Additionally, it notes that the company increased average paper prices by 4 percent compared to last year. Both of these points suggest a strong market position and the ability to command higher prices, which are typically positive indicators for a company's financial health and investor sentiment.
- **Ev"
"The world 's second largest stainless steel maker said net profit in the three-month period until Dec. 31 surged to euro603 million US$ 781 million , or euro3 .33 US$ 4.31 per share , from euro172 million , or euro0 .94 per share , the previous year .",positive,positive,0.9,"The significant increase in net profit and the substantial rise in profit per share are strong indicators of positive financial performance, which supports a positive sentiment classification.","{'positive': 0.9, 'negative': 0.0, 'neutral': 0.1}","To analyze the given financial statement, let's break down the information and evaluate the sentiment based on the tree-of-thought approach across three possible sentiment classifications: positive, negative, and neutral.

### PATH 1: Hypothesis = POSITIVE
- **Evidence Supporting:** The statement mentions that the net profit ""surged"" to euro603 million (US$781 million), which is a significant increase from euro172 million the previous year. This surge in profit indicates a strong financial performance, which is typically viewed positively by investors.
- **Evidence Contradicting:** There is no direct evidence in the statement that contradicts this being positive news. The increase in profit "
"Shares of Standard Chartered ( STAN ) rose 1.2 % in the FTSE 100 , while Royal Bank of Scotland ( RBS ) shares rose 2 % and Barclays shares ( BARC ) ( BCS ) were up 1.7 % .",positive,positive,0.8,"The statement reports increases in the stock prices of Standard Chartered, Royal Bank of Scotland, and Barclays, indicating favorable news for investors without any mention of negative performance.","{'positive': 0.8, 'negative': 0.0, 'neutral': 0.2}","To analyze the given financial statement using a tree-of-thought approach, let's break down the sentiment classification into three possible paths: POSITIVE, NEGATIVE, and NEUTRAL.

### PATH 1: Hypothesis = POSITIVE
- **Evidence Supporting:** The statement mentions that shares of Standard Chartered, Royal Bank of Scotland, and Barclays all rose, with increases of 1.2%, 2%, and 1.7%, respectively. This indicates a positive movement in the stock prices of these major banking institutions, which can be seen as favorable news for investors.
- **Evidence Contradicting:** There is no mention of any negative performance or decline in stock prices, which could have countered the positive sentiment. "
Shares of Nokia Corp. rose Thursday after the cell phone maker said its third-quarter earnings almost doubled and its share of the global handset market increased .,positive,positive,0.9,"The statement provides clear evidence of positive financial performance, including a significant increase in earnings and market share, which directly supports a positive sentiment classification.","{'positive': 0.9, 'negative': 0.0, 'neutral': 0.1}","To analyze the given financial statement using a tree-of-thought approach, let's break down the process into the specified paths and evaluate the evidence for each sentiment classification.

### PATH 1: Hypothesis = POSITIVE
- **Evidence Supporting:** The statement mentions that ""Shares of Nokia Corp. rose"" and that its ""third-quarter earnings almost doubled,"" which are clear indicators of positive performance. Additionally, the increase in its ""share of the global handset market"" suggests growth and competitiveness, further supporting a positive outlook.
- **Evidence Contradicting:** There is no direct evidence in the statement that contradicts a positive interpretation. The news about earn"
"In its financial report , published on Friday , SEB said its net profit soared to SEK6 .745 bn in 2010 from a year-earlier SEK1 .114 bn and proposed a 50 % dividend increase to SEK1 .50 per share .",positive,positive,0.9,"The significant increase in net profit and the proposed dividend increase are strong indicators of positive financial performance and direct benefits to shareholders, outweighing any potential for a neutral or negative interpretation.","{'positive': 0.9, 'negative': 0.0, 'neutral': 0.1}","To analyze the given financial statement using a tree-of-thought approach, let's break down the information and evaluate the sentiment based on the three possible classifications: positive, negative, and neutral.

### PATH 1: Hypothesis = POSITIVE
- **Evidence Supporting:** The statement mentions that SEB's net profit ""soared"" to SEK6.745 billion in 2010 from SEK1.114 billion in the previous year. This significant increase in net profit is a strong indicator of positive financial performance. Additionally, the proposal for a 50% dividend increase to SEK1.50 per share suggests a direct benefit to shareholders, which is typically viewed positively.
- **Evidence Contradicting:** There is no dir"
"At the request of Finnish media company Alma Media 's newspapers , research manager Jari Kaivo-oja at the Finland Futures Research Centre at the Turku School of Economics has drawn up a future scenario for Finland 's national economy by using a model developed by the University of Denver .",neutral,neutral,0.8,"The statement is primarily informative without explicit positive or negative indicators, suggesting that it has no clear market impact.","{'positive': 0.4, 'negative': 0.2, 'neutral': 0.8}","To analyze the given financial statement using a tree-of-thought approach, let's break down the sentiment into three possible classifications: positive, negative, and neutral.

### PATH 1: Hypothesis = POSITIVE
- **Evidence Supporting:** The development of a future scenario for Finland's national economy using a model from the University of Denver could be seen as a proactive and informed approach to economic planning. This might suggest that Finland is taking steps to understand and potentially improve its economic future, which could be viewed positively by investors.
- **Evidence Contradicting:** There is no direct mention of positive economic indicators, growth, or specific strategies fo"
STOCK EXCHANGE ANNOUNCEMENT 20 July 2006 1 ( 1 ) BASWARE SHARE SUBSCRIPTIONS WITH WARRANTS AND INCREASE IN SHARE CAPITAL A total of 119 850 shares have been subscribed with BasWare Warrant Program .,neutral,positive,0.8,"The statement indicates an increase in share capital due to share subscriptions, which is typically viewed as a positive sign for the company, suggesting investor interest and potential for growth.","{'positive': 0.8, 'negative': 0.1, 'neutral': 0.4}","To analyze the given financial statement using a tree-of-thought approach, let's break down each possible sentiment classification:

### PATH 1: Hypothesis = POSITIVE
- **Evidence Supporting:** The statement mentions that ""A total of 119 850 shares have been subscribed with BasWare Warrant Program."" This indicates an increase in share capital, which can be seen as a positive sign for the company, suggesting investor interest and potential for growth.
- **Evidence Contradicting:** There is no direct negative information provided in the statement that would contradict this being positive news. However, the lack of detail about the context (e.g., whether this is above or below expectations) mig"
"A maximum of 666,104 new shares can further be subscribed for by exercising B options under the 2004 stock option plan .",neutral,neutral,0.8,"The statement is primarily informational, detailing a mechanism under a stock option plan without predicting outcomes or expressing an opinion, which aligns most closely with a neutral sentiment.","{'positive': 0.4, 'negative': 0.3, 'neutral': 0.8}","To analyze the given financial statement using a tree-of-thought approach, let's break down each possible sentiment classification:

### PATH 1: Hypothesis = POSITIVE
- **Evidence Supporting:** The statement mentions the possibility of subscribing for new shares, which could indicate growth opportunities or an expansion plan for the company. This could be seen as positive for investors who are looking for signs of potential growth.
- **Evidence Contradicting:** The mere existence of a stock option plan and the ability to subscribe for new shares does not inherently guarantee success or positive outcomes for the company. It's a neutral mechanism that can be used in various contexts, not all o"
Tiimari operates 194 stores in six countries -- including its core Finnish market -- and generated a turnover of 76.5 mln eur in 2005 .,neutral,positive,0.8,"The company's significant operational presence and substantial turnover suggest a positive financial situation, despite the lack of comparative data.","{'positive': 0.8, 'negative': 0.1, 'neutral': 0.3}","To analyze the given financial statement using a tree-of-thought approach, let's break down the process into the three hypothesized paths: POSITIVE, NEGATIVE, and NEUTRAL.

### PATH 1: Hypothesis = POSITIVE
- **Evidence Supporting:** The statement mentions that Tiimari operates a significant number of stores (194) across six countries, including its core Finnish market. This geographical spread and the number of stores suggest a substantial market presence. Additionally, the company generated a turnover of 76.5 million euros in 2005, which is a concrete, positive financial indicator.
- **Evidence Contradicting:** There is no direct evidence in the statement that contradicts a positive interp"
The acquisition will considerably increase Kemira 's sales and market position in the Russian metal industry coatings market .,positive,positive,0.8,"The statement explicitly mentions a considerable increase in sales and market position, which are key indicators of positive growth and expansion for investors.","{'positive': 0.8, 'negative': 0.1, 'neutral': 0.1}","To analyze the given financial statement using a tree-of-thought approach, let's break down the sentiment analysis into the three possible classifications: positive, negative, and neutral.

### PATH 1: Hypothesis = POSITIVE
- **Evidence Supporting:** The statement mentions that the acquisition will ""considerably increase Kemira's sales and market position"" in a specific industry. This implies growth and expansion, which are typically positive indicators for investors.
- **Evidence Contradicting:** There is no direct evidence in the statement that contradicts a positive interpretation. However, one might argue that the focus on a single market (Russian metal industry coatings) could limit the"
"In January-September 2007 , Finnlines ' net sales rose to EUR 505.4 mn from EUR 473.5 mn in the corresponding period in 2006 .",positive,positive,0.8,"The increase in net sales from EUR 473.5 mn to EUR 505.4 mn indicates a growth in revenue, which is typically viewed as a positive indicator of a company's financial health and performance.","{'positive': 0.8, 'negative': 0.1, 'neutral': 0.3}","To analyze the given financial statement using a tree-of-thought approach, let's break down the process into the three hypothesized paths: POSITIVE, NEGATIVE, and NEUTRAL.

### PATH 1: Hypothesis = POSITIVE
- **Evidence Supporting:** The statement mentions that Finnlines' net sales rose from EUR 473.5 mn to EUR 505.4 mn, which indicates an increase in revenue. This growth in net sales is typically viewed as a positive indicator of a company's financial health and performance.
- **Evidence Contradicting:** There is no direct evidence in the statement that contradicts this being positive. However, the absence of information about profitability, expenses, or market share could potentially tempe"
"Adjusted for changes in the Group structure , the Division 's net sales increased by 1.7 % .",positive,positive,0.8,"The statement explicitly mentions an increase in net sales, which is a positive indicator of financial performance. While the increase is modest, the overall impact is more aligned with a positive sentiment than negative or neutral.","{'positive': 0.8, 'negative': 0.2, 'neutral': 0.4}","To analyze the given financial statement using a tree-of-thought approach, let's break down the sentiment analysis into the three possible classifications: positive, negative, and neutral.

### PATH 1: Hypothesis = POSITIVE
- **Evidence Supporting:** The statement mentions that the Division's net sales increased by 1.7% when adjusted for changes in the Group structure. This increase in sales typically indicates a positive performance, as it suggests growth in the company's revenue.
- **Evidence Contradicting:** The percentage increase is relatively small (1.7%), which might be considered modest compared to expectations or industry benchmarks. However, the fact that there is an increase rathe"
"4 February 2011 - Finnish broadband data communication systems provider Teleste Oyj HEL : TLT1V saw its net profit jump to EUR2 .1 m for the last quarter of 2010 from EUR995 ,000 for the same period of 2009 .",positive,positive,0.9,"The significant increase in net profit from EUR995,000 to EUR2.1 million indicates a strong positive financial performance, which supports the positive sentiment classification.","{'positive': 0.9, 'negative': 0.0, 'neutral': 0.1}","To analyze the given financial statement using a tree-of-thought approach, let's break down the sentiment analysis into the three possible classifications: POSITIVE, NEGATIVE, and NEUTRAL.

### PATH 1: Hypothesis = POSITIVE
- **Evidence Supporting:** The statement mentions that Teleste Oyj's net profit ""jumped"" to EUR2.1 million for the last quarter of 2010 from EUR995,000 for the same period in 2009. This significant increase in net profit is a clear indicator of positive financial performance.
- **Evidence Contradicting:** There is no direct evidence in the statement that contradicts this being positive news. The increase in profit is a straightforward positive indicator.
- **Confidence Sc"
